ROLLNO,NAME,CID
162,Leopold Sworder,1
306,Zacharia Collingworth,6
597,Ingar Ainge,10
6,Stanley Pitkins,4
27,Zachary Dolder,9
215,Carney Coatman,5
157,Joshuah Souza,9
59,Blisse Dorning,3
306,Moselle Beernt,2
149,Leonid Lecordier,3
279,Hedda Shaughnessy,12
134,Boycey Sheehy,1
493,Rourke Towne,7
34,Ladonna Carn,7
478,Johnette Lacoste,6
231,Duffy Gradly,5
569,Ab Salmon,8
365,Giulio Gorton,1
528,Vallie Kiss,6
591,Feliks Gabites,11
346,Devan O'Kenny,5
535,Luz Speenden,11
331,Kym Shipton,6
413,Sadye O Mullen,12
518,Jelene Wealleans,9
89,Cyndia Oldknowe,9
585,Jean Christou,3
483,Rance Leversuch,6
58,West Foley,1
76,Farrand Stitle,2
455,Celine MacSporran,9
170,Daniele Rockhall,1
107,Orland McQuilkin,8
294,Nickolaus Suggitt,1
516,Darrin Macewan,12
395,Natalya Crocroft,8
598,Corry Warbeys,9
513,Carlene McGeorge,10
210,Catherin Reder,4
58,Winfred Cheater,2
108,Seka Estevez,7
35,Montgomery O'Scollee,2
496,Herb Jacquemard,9
131,Fawne Lister,8
399,Menard Veness,1
263,Cosimo Proctor,5
560,Melita Dobrowolski,10
107,Alwyn Ebbens,4
52,Bell Tovey,3
220,Bennie Halbard,7
24,Sam Clacson,5
264,Allister Ewert,7
370,Rivalee Stenners,9
95,Nicolette Secker,11
500,Gardiner Nowland,10
465,Glynda Gehrtz,5
111,Edgar Cranke,4
210,Inez Garton,12
187,Doro McIan,1
76,Janean Foxton,10
457,Cosmo Dewhirst,9
127,Chaddie Longdon,1
436,Berke Tantum,4
427,Garnette Feacham,10
578,Carmelina Pleass,8
228,Nadiya Joel,8
388,Mireille Nashe,9
217,Jackquelin Limpertz,7
181,Violette Kolak,2
385,Janaya Feander,9
398,Gabriella Grabb,5
353,Loralyn Smoth,10
112,Tommi Hulson,6
599,Ansell Fancett,5
352,Hildegarde Volett,4
326,Estel Purcell,4
60,Georgianne Gouch,6
471,Leola Borit,5
299,Gan Ledrane,2
207,Melisande Orteaux,9
411,Rik Ough,11
600,Suzanna Dabels,9
300,Corrie Losseljong,12
328,Bernadette Haugg,5
498,Ivie Ceaser,4
135,Diane Renhard,8
429,Boyce Nudd,2
29,Bat Ralston,12
586,Giuseppe Tucsell,2
110,Guido Jakubovits,1
285,Frasquito Lambkin,8
545,Christy Rocco,10
549,Eydie Gavriel,1
372,Mia Kemer,1
235,Sal Martinetto,11
293,Carlota Bonelle,2
501,Jill Kesten,7
71,Sam Dahlman,10
22,Traci O'Hannay,4
451,Wade Canedo,7
535,Antonino Firbanks,11
148,Zonda Haysham,12
462,Tabb Jex,3
340,Trevar Mainson,1
337,Wini Cuttler,4
49,Vallie Seaborne,2
8,Annaliese Bever,6
2,Jolene Melwall,2
499,Glenna Ludye,5
29,Vidovik Alejo,8
38,Lettie Jobin,11
595,Miriam Prugel,11
285,Tracy Birley,9
347,Estelle Frankiewicz,9
502,Joell Tonsley,10
146,Gasper Copcutt,11
144,Prisca Scouse,9
591,Tammy Gimber,4
30,Gar Beagan,3
395,Leoline Collerd,5
61,Regina Cattini,4
100,Fielding Espley,12
332,Elwyn Guiett,4
247,Marleah Dahlback,1
442,Lenora Turney,8
136,Kelbee Surfleet,11
443,Rubia Joslyn,11
263,Keefe Passby,2
292,Guinevere Jagiela,1
591,Gavrielle Clissett,3
255,Jason Fairbridge,7
474,Frank Casarino,8
323,Kellyann Oluwatoyin,11
62,Terri Paramore,7
536,Mildrid Andries,9
86,Timotheus Bowhay,5
407,Hirsch Sissot,12
90,Dilly Halleday,3
152,Mathias Dalloway,6
273,Helen-elizabeth Wayon,10
523,Alix Moss,9
48,Cornelle Ogley,6
355,Shirlee Janca,8
467,Frankie Rylands,3
437,Camella Pardoe,7
514,Chicky Hoopper,5
368,Joelly Sarge,12
591,Tomaso Castanyer,2
327,Lorri Pauly,12
330,Querida Eke,8
36,Katleen Lodwig,4
243,Niven Franciskiewicz,3
457,Porty Glasbey,4
410,Lazarus Lantiffe,2
251,Rivkah Vardey,6
284,Artair Hewson,3
180,Quincy Bysh,12
523,Joyan McLleese,9
139,Bertrando Nolda,4
235,Manda Valens-Smith,10
420,Kerrill Perrat,5
521,Cherrita Reder,8
288,Madelena Boylan,2
127,Donelle Klampk,12
149,Fabian Ferier,5
378,Loleta Core,2
12,Nettie Bowkett,12
202,Gayle Besse,1
500,Dasie McClinton,11
61,Zacharias Genner,11
410,Cthrine Umfrey,12
333,Harriet Stuckford,2
555,Ashley Alten,3
395,Richmound Haskayne,4
548,Shep Mapplethorpe,6
110,Brandi Frood,10
594,Hilda Elix,10
453,Rossie Onn,2
257,Karlotte Hayer,4
38,Abrahan Grim,9
519,Corbet Mavin,11
389,Maegan Kaman,7
365,Tiffy Gillford,8
141,Mal McGinny,1
157,Rip Newgrosh,12
427,Xenia Lie,12
472,Isador McConway,3
276,Casi Haller,8
2,Virgina Gasson,11
492,Britte Petow,3
211,Georgina Adamovsky,7
579,Batholomew Pawle,4
47,Brander Lomis,12
394,Hayward Deyes,6
45,Dotti Clemmensen,9
210,Marilee Wrotham,7
472,Cassandry Leibold,6
336,Noellyn Robson,2
550,Nathan Filipczynski,5
21,Ronnie Machen,9
105,Brock Carlino,3
433,Karleen Josephi,9
97,Homere Corpe,9
105,Wadsworth O'Nions,4
329,Chauncey Cloy,4
229,Courtenay Enright,6
111,Oswald Skermer,4
170,Michell Petraitis,9
561,Micki Debnam,10
142,Justino Barthelmes,4
307,Geraldine Domeney,6
94,Paule Desaur,5
65,Aubine Giacometti,6
524,Matelda Wrightim,9
110,Morgan Adame,8
384,Selle Woodhall,3
11,Sharity Checklin,3
549,Fulton Yantsev,2
218,Darryl Fairfoot,7
4,Jillian Goddard,11
272,Trenna Dumke,9
457,Bennie Heinicke,4
496,Andreas Medlen,8
179,Alanson Scrymgeour,5
113,Jimmy Trude,9
531,Thorsten Artindale,12
294,Whittaker Barker,7
123,Alfonse Elcoat,6
458,Merrily Dudderidge,3
183,Marie-jeanne Machin,5
396,Ailyn Nucci,5
198,Rebekkah Klosterman,1
320,Marylynne Gunby,9
163,Lilas Halbert,9
580,Etta Brisland,1
550,Arty Flanaghan,2
240,Portie Braganca,1
562,Caye Penton,5
142,Devi Truwert,6
369,Artemus De Winton,7
598,Hastie Scripture,5
515,Jo-anne Sangster,9
275,Berna Rayne,5
253,Carlyn Presslee,4
581,Ermin Beefon,4
254,Rhea Pappin,3
66,Gibby Dreghorn,11
475,Lynnett Mollett,4
519,Winnie Kloster,7
105,Nicola Phillipps,8
472,Will Giabucci,1
517,Babb Allanson,6
148,Minor Cutmare,5
473,Reinhold Yarnell,9
580,Dame Beyn,6
43,Roderigo Mandrier,5
28,Truman Latan,11
587,Minne Sherlaw,11
599,Gabbie Orgill,4
586,Perry Skipsea,9
189,Birgitta Ivett,4
555,Anna Doxey,2
153,Margaret Cancellieri,11
351,Doralyn Seekings,1
45,Karie Headon,8
567,Humfried Baniard,11
597,Oby Imm,7
34,Valli Lamplugh,3
161,Gabriele Charville,8
552,Allyn Doe,2
579,Newton Zorzenoni,2
320,Jacqueline Fairbrother,5
90,Bail Mattingly,5
519,Rozanna Kirkland,9
472,Ola Bernt,3
69,Martha Norris,1
522,Darnall Roon,7
439,Jessie Beilby,8
149,Ellery Fusedale,5
265,Smitty Dugget,3
286,Raff Kibbye,2
575,Lettie Lathleiff,12
380,Corena Tierny,12
585,Rosalinde Avann,8
425,Leanor Saladino,4
184,Carmita Petru,11
356,Miguela Stivey,7
475,Alistair Castro,8
178,Claus Cavy,9
480,Madelon McBeth,1
260,Florian Epinoy,10
507,Scotti Dwyer,8
342,Matthieu Capnerhurst,8
543,Early Ryce,6
18,Pippo Jump,11
419,Tresa Uren,5
341,Vale Jirak,4
585,Melosa Sprull,5
38,Ediva Banner,3
163,Jory Manuaud,7
376,Raul Devita,12
332,Vi Hawlgarth,4
335,Vivian Huddart,4
4,Ailey Pittam,2
269,Becky Rings,8
569,Starlene McPhaden,9
44,Teresina Roughan,11
515,Hedda Crayk,6
536,Fidole Nise,9
168,Vite Mewett,12
139,Wally Rowden,9
115,Wayland Dyer,3
54,Trix Koubu,4
301,Granville Sarjant,9
228,Thorstein Rocco,7
284,Catina Izaks,8
298,Cliff Hencke,10
451,Mirna Stirtle,11
29,Brant Hands,10
199,Fianna Whotton,5
474,Gage Fellini,6
236,Conn Foster-Smith,3
27,Josephina Kernermann,4
354,Mohammed Lamberts,12
552,Inglis Wofenden,6
225,Cory Ziem,4
448,Corine Kneeshaw,7
544,Klemens Vogeller,5
593,Mabel Kemet,11
249,Moria Yancey,9
436,Anatol Tortoishell,3
234,Philipa Trigwell,12
436,Ettore Knudsen,5
423,Almeda McIntee,7
383,Cati Guerrero,7
135,Warner Steabler,12
360,Ingram Banks,5
162,Hildagard Chaperling,12
70,Allsun Olensby,2
287,Eryn Blacket,7
418,Esther Walkingshaw,1
179,Padraic Vaszoly,8
494,Dee Treleaven,12
223,Otis Mylchreest,3
81,Rinaldo Hawe,4
182,Ker Jacobsson,10
220,Omero Fossett,7
159,Marmaduke Kleinstein,11
500,Sherman Gethen,6
482,Zebulon Rosedale,2
236,Lorri Redd,7
284,Kaitlynn Clingan,11
348,Cece Dumphy,1
260,Lemmie Clewes,1
432,Cleon Coultard,12
153,Rudolph Nutkin,8
37,Vasily Kynder,1
242,Marcelle Birdwhistle,8
592,Reeba Smeath,3
123,Paxton D'Alesio,6
565,Tonya Gelardi,2
61,Templeton McGlaud,2
520,Rainer West-Frimley,12
173,Putnem MacKeever,7
335,Lian Basson,12
124,Gayla Weatherdon,10
79,Eudora Stranger,3
586,Maye Champagne,5
427,Vanni Gytesham,6
446,Bil Barlass,7
585,Georgeanna Ionnidis,2
505,Abe Dablin,6
282,Leda Please,6
424,Caresa Trytsman,2
192,Gracia Gerner,6
538,Gardy Sydney,8
187,Hakim Brocklebank,8
86,Kakalina Brotherwood,5
429,Traci Dumini,3
193,Lanae Janikowski,2
586,Guillermo Mance,3
138,Merilee Bunston,11
476,Vanda Canet,6
335,Anabel De Mitri,10
174,Michail Conklin,5
449,Reina Clowsley,11
202,Rogerio Oubridge,7
15,Kenon McCory,9
447,Alyce Maytum,8
313,Jewelle Salvadori,4
419,Meade Hedon,3
260,Winny Heifer,7
118,Raff Cutmare,2
453,Lauralee Kermath,9
362,Kelvin Colquitt,7
444,Emelita Karpeev,9
323,Erminie Philler,6
580,Kimbell Udall,12
270,Glenn Suffe,1
195,Julissa Garber,8
370,Freeman Cassell,4
80,Amaleta Hans,6
443,Laurella Aubert,10
230,Alida Thistleton,4
428,Ruperto Grayling,1
219,Temple Craddy,4
215,Boot Forten,11
205,Janenna Hampstead,9
489,Trip Stook,4
212,Wernher Crowd,6
465,Zebulon Brugmann,8
561,Weidar MacMurray,3
419,Zabrina Murrie,12
549,Junie Wyleman,12
230,Hieronymus Worboys,4
406,Junette Behnen,6
48,Eric Roon,8
451,Mandel Pleuman,11
186,Vite Ditchfield,10
12,Sutherland Shank,11
308,Travis D'Alesco,11
558,Elysee Zecchii,3
82,Marlee Goodale,5
349,Junette Sleet,1
502,Thain Philcott,3
68,Kelsey Linck,9
324,Melinde Sketch,3
351,Godfrey Gauler,11
522,Jojo Maxfield,1
284,Raychel Hazart,5
187,Dody Barbie,5
379,Frannie Shallo,6
560,Anica Allardyce,10
68,Georgeta Calltone,6
3,Lanie Barnewell,8
409,Irene Brecknall,7
548,Mayor Gasquoine,4
24,Irma Speed,7
24,Durant O'Nions,1
325,Chere Ida,6
18,Else Gaymer,9
321,Karyl Mugleston,10
356,Lina Burgoin,8
263,Arlyn Grishunin,12
47,Dory Willeman,1
524,Alf Borzone,4
594,Abigael Aingel,4
232,Alika Osgardby,7
544,Beale Rollason,11
358,Olivette Dumphrey,1
354,Sasha Mathiassen,5
452,Emlen Cholwell,11
477,Wanids Case,6
549,Alfie Andrzej,11
77,Tammi Peare,11
130,Norry Glaserman,8
248,Faydra Bravey,5
476,Judie Pullar,9
179,Townsend Casillis,10
41,Helli Ruffler,11
101,Andrey Jellings,12
449,Meris Vittori,2
520,Netty Rizzi,4
63,Shelagh Liggins,7
257,Maxwell Jerrim,2
151,Clareta Badham,5
558,Netty Myton,4
326,Meredeth Bruins,11
30,Jessie Russam,5
407,Renae Christofol,4
61,Forbes Meneur,8
398,Matthus Buckingham,3
20,Scarlett Finlayson,11
19,Arleyne Brereton,4
49,Charmain Guerola,1
154,Anthiathia Traske,5
21,Brad Civitillo,5
555,Sherwynd Feckey,4
1,Huntlee Halso,3
515,Gertruda Flode,2
235,Viola Kenion,1
93,Allie Heijne,9
57,Harlene Gerber,9
178,Cheslie Trelevan,5
519,Dimitri Nattrass,2
273,Dody Connerly,12
182,Aeriell Mounce,7
543,Cynde Bidewell,11
84,Henrieta Mouser,6
280,Wilek Hatry,11
105,Tan Dealey,7
546,Katinka Grayley,12
465,Ira Discombe,10
28,Coraline Keir,1
553,Pryce Jenkerson,1
9,Cherye Milier,10
236,Joni Eastlake,2
146,Catie Madgett,3
338,Valeria Ditty,8
398,Vince Espino,6
